{
  "recommended_antenna_delay": 16327,
  "delta": -109.27240488822136,
  "errors": {
    "mean_l": -0.1594640100163807,
    "mean_r": -0.9544640100163807,
    "rms_l": 0.27377951023904634,
    "rms_r": 0.9754274816785573,
    "mean_x": 0.35083333333333333,
    "mean_y": 0.0,
    "rms_x": 0.37135225864399957,
    "rms_y": 1.0,
    "pos_rms_2d": 1.0667251286062405
  }
}